Workbook

Sheet Controle SSI
A1: QUESTIONNAIRE DE CONTRÔLE INTERNE SSI — NIVEAU 1
A2: Domaine | B2: Sous-thème | C2: Question | D2: Type de preuve attendue | E2: Méthode de vérification | F2: Criticité | G2: Conformité (Oui/Non/Partiel) | H2: Commentaires | I2: Score (0-2) | J2: Responsable | K2: Date de contrôle
A3: A | B3: Cartographie des systèmes | C3: Connaissez-vous les systèmes d'information que vous utilisez quotidiennement ? | D3: Réponse verbally cohérente + identification des SI critiques | E3: Entretien | F3: Élevée
A4: A | B4: Cartographie des systèmes | C4: Êtes-vous capable d'identifier l'impact métier en cas d'indisponibilité de vos outils ? | D4: Description des processus impactés | E4: Entretien | F4: Élevée
A5: A | B5: Cartographie des systèmes | C5: Connaissez-vous le Plan de Continuité d'Activité (PCA) applicable à votre poste ? | D5: Référence au PCA connu / accessible | E5: Entretien | F5: Moyenne
A6: A | B6: Documentation SSI | C6: Connaissez-vous l'organisation SSI de votre unité (RSSI, CSSI, référents) ? | D6: Identification correcte des contacts SSI | E6: Entretien | F6: Élevée
A7: A | B7: Documentation SSI | C7: Savez-vous où consulter les procédures de sécurité applicables à votre poste ? | D7: Accès physique ou numérique aux procédures | E7: Entretien / Technique | F7: Moyenne
A8: A | B8: Documentation SSI | C8: Avez-vous pris connaissance de la politique de sécurité de l'organisme ? | D8: Signature de la Charte Informatique ou équivalent | E8: Entretien | F8: Élevée
A9: A | B9: Responsabilités | C9: Connaissez-vous vos obligations en matière de sécurité numérique ? | D9: Réponse structurée sur les duties SSI | E9: Entretien | F9: Élevée
A10: A | B10: Responsabilités | C10: Savez-vous à qui incombe la responsabilité de la protection des données sur votre poste ? | D10: Identification correcte (utilisateur + administration) | E10: Entretien | F10: Moyenne
A11: A | B11: Plans d'amélioration continue | C11: Des actions d'amélioration SSI vous ont-elles été communiquées récemment ? | D11: Existence d'un plan d'action connu | E11: Entretien | F11: Faible
A12: A | B12: Plans d'amélioration continue | C12: Participez-vous à des campagnes de sensibilisation ou formations SSI ? | D12: Attestations de formation, traces de participation | E12: Entretien / Vérification RH | F12: Moyenne
A13: B | B13: Inventaire / Marquage / Suivi | C13: Votre poste est-il référencé dans l'inventaire des actifs informatiques ? | D13: Poste présent dans la GLPI / inventaire officiel | E13: Technique (GLPI) | F13: Élevée
A14: B | B14: Inventaire / Marquage / Suivi | C14: Les supports de stockage utilisés portent-ils un marquage d classification ? | D14: Étiquette ou marquage visible sur le support | E14: Inspection physique | F14: Élevée
... A82: K | B82: Gestion des sous-traitants | C82: Les postes de prestataires sont-ils séparés des postes internes ? | D82: Vérification VLAN / politique de séparation | E82: Technique | F82: Élevée

Sheet Synthèse
A1: Domaine | B1: Nb Questions | C1: Nb Non | D1: Nb Partiel | E1: Nb Oui | F1: Nb N/A | G1: Taux Conformité (%) | H1: Score Total | I1: Score Max | J1: Score Moyen
A2: A - Organisation de la sécurité numérique | B2: =COUNTIF('Controle SSI'!A:A,"A") -> 10 | C2: =COUNTIFS('Controle SSI'!A:A,"A",'Controle SSI'!G:G,"Non") -> 0 | D2: =COUNTIFS('Controle SSI'!A:A,"A",'Controle SSI'!G:G,"Partiel") -> 0 | E2: =COUNTIFS('Controle SSI'!A:A,"A",'Controle SSI'!G:G,"Oui") -> 0 | F2: =COUNTIFS('Controle SSI'!A:A,"A",'Controle SSI'!G:G,"N/A") -> 0 | G2: =IFERROR(E2/MAX(B2-F2,1),0) -> 0 | H2: =SUMIF('Controle SSI'!A:A,"A",'Controle SSI'!I:I) -> 0 | I2: =B2*2 -> 20 | J2: =IFERROR(H2/B2,0) -> 0
A3: B - Gestion des ISC numériques | B3: =COUNTIF('Controle SSI'!A:A,"B") -> 4 | C3: =COUNTIFS('Controle SSI'!A:A,"B",'Controle SSI'!G:G,"Non") -> 0 | D3: =COUNTIFS('Controle SSI'!A:A,"B",'Controle SSI'!G:G,"Partiel") -> 0 | E3: =COUNTIFS('Controle SSI'!A:A,"B",'Controle SSI'!G:G,"Oui") -> 0 | F3: =COUNTIFS('Controle SSI'!A:A,"B",'Controle SSI'!G:G,"N/A") -> 0 | G3: =IFERROR(E3/MAX(B3-F3,1),0) -> 0 | H3: =SUMIF('Controle SSI'!A:A,"B",'Controle SSI'!I:I) -> 0 | I3: =B3*2 -> 8 | J3: =IFERROR(H3/B3,0) -> 0
A4: C - Gestion des accès | B4: =COUNTIF('Controle SSI'!A:A,"C") -> 9 | C4: =COUNTIFS('Controle SSI'!A:A,"C",'Controle SSI'!G:G,"Non") -> 0 | D4: =COUNTIFS('Controle SSI'!A:A,"C",'Controle SSI'!G:G,"Partiel") -> 0 | E4: =COUNTIFS('Controle SSI'!A:A,"C",'Controle SSI'!G:G,"Oui") -> 0 | F4: =COUNTIFS('Controle SSI'!A:A,"C",'Controle SSI'!G:G,"N/A") -> 0 | G4: =IFERROR(E4/MAX(B4-F4,1),0) -> 0 | H4: =SUMIF('Controle SSI'!A:A,"C",'Controle SSI'!I:I) -> 0 | I4: =B4*2 -> 18 | J4: =IFERROR(H4/B4,0) -> 0
A5: D - Protection physique | B5: =COUNTIF('Controle SSI'!A:A,"D") -> 6 | C5: =COUNTIFS('Controle SSI'!A:A,"D",'Controle SSI'!G:G,"Non") -> 0 | D5: =COUNTIFS('Controle SSI'!A:A,"D",'Controle SSI'!G:G,"Partiel") -> 0 | E5: =COUNTIFS('Controle SSI'!A:A,"D",'Controle SSI'!G:G,"Oui") -> 0 | F5: =COUNTIFS('Controle SSI'!A:A,"D",'Controle SSI'!G:G,"N/A") -> 0 | G5: =IFERROR(E5/MAX(B5-F5,1),0) -> 0 | H5: =SUMIF('Controle SSI'!A:A,"D",'Controle SSI'!I:I) -> 0 | I5: =B5*2 -> 12 | J5: =IFERROR(H5/B5,0) -> 0
A6: E - Postes Internet | B6: =COUNTIF('Controle SSI'!A:A,"E") -> 14 | C6: =COUNTIFS('Controle SSI'!A:A,"E",'Controle SSI'!G:G,"Non") -> 0 | D6: =COUNTIFS('Controle SSI'!A:A,"E",'Controle SSI'!G:G,"Partiel") -> 0 | E6: =COUNTIFS('Controle SSI'!A:A,"E",'Controle SSI'!G:G,"Oui") -> 0 | F6: =COUNTIFS('Controle SSI'!A:A,"E",'Controle SSI'!G:G,"N/A") -> 0 | G6: =IFERROR(E6/MAX(B6-F6,1),0) -> 0 | H6: =SUMIF('Controle SSI'!A:A,"E",'Controle SSI'!I:I) -> 0 | I6: =B6*2 -> 28 | J6: =IFERROR(H6/B6,0) -> 0
A7: F - Postes Restreints | B7: =COUNTIF('Controle SSI'!A:A,"F") -> 5 | C7: =COUNTIFS('Controle SSI'!A:A,"F",'Controle SSI'!G:G,"Non") -> 0 | D7: =COUNTIFS('Controle SSI'!A:A,"F",'Controle SSI'!G:G,"Partiel") -> 0 | E7: =COUNTIFS('Controle SSI'!A:A,"F",'Controle SSI'!G:G,"Oui") -> 0 | F7: =COUNTIFS('Controle SSI'!A:A,"F",'Controle SSI'!G:G,"N/A") -> 0 | G7: =IFERROR(E7/MAX(B7-F7,1),0) -> 0 | H7: =SUMIF('Controle SSI'!A:A,"F",'Controle SSI'!I:I) -> 0 | I7: =B7*2 -> 10 | J7: =IFERROR(H7/B7,0) -> 0
A8: G - Protection des données | B8: =COUNTIF('Controle SSI'!A:A,"G") -> 8 | C8: =COUNTIFS('Controle SSI'!A:A,"G",'Controle SSI'!G:G,"Non") -> 0 | D8: =COUNTIFS('Controle SSI'!A:A,"G",'Controle SSI'!G:G,"Partiel") -> 0 | E8: =COUNTIFS('Controle SSI'!A:A,"G",'Controle SSI'!G:G,"Oui") -> 0 | F8: =COUNTIFS('Controle SSI'!A:A,"G",'Controle SSI'!G:G,"N/A") -> 0 | G8: =IFERROR(E8/MAX(B8-F8,1),0) -> 0 | H8: =SUMIF('Controle SSI'!A:A,"G",'Controle SSI'!I:I) -> 0 | I8: =B8*2 -> 16 | J8: =IFERROR(H8/B8,0) -> 0
A9: H - Gestion des incidents | B9: =COUNTIF('Controle SSI'!A:A,"H") -> 6 | C9: =COUNTIFS('Controle SSI'!A:A,"H",'Controle SSI'!G:G,"Non") -> 0 | D9: =COUNTIFS('Controle SSI'!A:A,"H",'Controle SSI'!G:G,"Partiel") -> 0 | E9: =COUNTIFS('Controle SSI'!A:A,"H",'Controle SSI'!G:G,"Oui") -> 0 | F9: =COUNTIFS('Controle SSI'!A:A,"H",'Controle SSI'!G:G,"N/A") -> 0 | G9: =IFERROR(E9/MAX(B9-F9,1),0) -> 0 | H9: =SUMIF('Controle SSI'!A:A,"H",'Controle SSI'!I:I) -> 0 | I9: =B9*2 -> 12 | J9: =IFERROR(H9/B9,0) -> 0
A10: I - Sensibilisation et formation | B10: =COUNTIF('Controle SSI'!A:A,"I") -> 5 | C10: =COUNTIFS('Controle SSI'!A:A,"I",'Controle SSI'!G:G,"Non") -> 0 | D10: =COUNTIFS('Controle SSI'!A:A,"I",'Controle SSI'!G:G,"Partiel") -> 0 | E10: =COUNTIFS('Controle SSI'!A:A,"I",'Controle SSI'!G:G,"Oui") -> 0 | F10: =COUNTIFS('Controle SSI'!A:A,"I",'Controle SSI'!G:G,"N/A") -> 0 | G10: =IFERROR(E10/MAX(B10-F10,1),0) -> 0 | H10: =SUMIF('Controle SSI'!A:A,"I",'Controle SSI'!I:I) -> 0 | I10: =B10*2 -> 10 | J10: =IFERROR(H10/B10,0) -> 0
A11: J - Continuité d'activité | B11: =COUNTIF('Controle SSI'!A:A,"J") -> 5 | C11: =COUNTIFS('Controle SSI'!A:A,"J",'Controle SSI'!G:G,"Non") -> 0 | D11: =COUNTIFS('Controle SSI'!A:A,"J",'Controle SSI'!G:G,"Partiel") -> 0 | E11: =COUNTIFS('Controle SSI'!A:A,"J",'Controle SSI'!G:G,"Oui") -> 0 | F11: =COUNTIFS('Controle SSI'!A:A,"J",'Controle SSI'!G:G,"N/A") -> 0 | G11: =IFERROR(E11/MAX(B11-F11,1),0) -> 0 | H11: =SUMIF('Controle SSI'!A:A,"J",'Controle SSI'!I:I) -> 0 | I11: =B11*2 -> 10 | J11: =IFERROR(H11/B11,0) -> 0
A12: K - Conformité réglementaire | B12: =COUNTIF('Controle SSI'!A:A,"K") -> 8 | C12: =COUNTIFS('Controle SSI'!A:A,"K",'Controle SSI'!G:G,"Non") -> 0 | D12: =COUNTIFS('Controle SSI'!A:A,"K",'Controle SSI'!G:G,"Partiel") -> 0 | E12: =COUNTIFS('Controle SSI'!A:A,"K",'Controle SSI'!G:G,"Oui") -> 0 | F12: =COUNTIFS('Controle SSI'!A:A,"K",'Controle SSI'!G:G,"N/A") -> 0 | G12: =IFERROR(E12/MAX(B12-F12,1),0) -> 0 | H12: =SUMIF('Controle SSI'!A:A,"K",'Controle SSI'!I:I) -> 0 | I12: =B12*2 -> 16 | J12: =IFERROR(H12/B12,0) -> 0
A13: TOTAL GÉNÉRAL | B13: =SUM(B2:B12) -> 80 | C13: =SUM(C2:C12) -> 0 | D13: =SUM(D2:D12) -> 0 | E13: =SUM(E2:E12) -> 0 | F13: =SUM(F2:F12) -> 0 | G13: =IFERROR(E13/MAX(B13-F13,1),0) -> 0 | H13: =SUM(H2:H12) -> 0 | I13: =SUM(I2:I12) -> 160 | J13: =IFERROR(H13/B13,0) -> 0
A16: INDICATEURS CLÉS
A17: Score global (sur 2) | B17: =I15/2 -> 0
A18: Taux de conformité global | B18: =G13 -> 0
A19: Nombre de Non conformités majeures | B19: =C13 -> 0
A20: Nombre de conformités partielles | B20: =D13 -> 0
